<grammar version="1.0" xml:lang="fr-FR" mode="voice" root="rulepush" xmlns="http://www.w3.org/2001/06/grammar" tag-format="semantics/1.0">
  <rule id="rulepush" scope="public">
    <example>Sarah, dis a Franck de chercher du pain!</example>
    <tag>out.action=new Object(); </tag>
    <item weight="2">Sarah</item>
    <one-of>
      <item>Dis a Franck<tag>out.action.who="Franck"</tag><tag>out.action.title="Message d'Evelyne"</tag></item>
	  <item>Dis a Evelyne<tag>out.action.who="Evelyne"</tag><tag>out.action.title="Message de Franck:"</tag></item>
    </one-of>
	<one-of>
      <item>de chercher du pain!<tag>out.action.msg="Tu peux chercher du pain."</tag></item>
	  <item>de m'appeler quand il part<tag>out.action.msg="Tu peux m'appeler quand tu part?"</tag></item>
    </one-of>
	
	<tag>out.action._attributes.uri="http://127.0.0.1:8080/sarah/push";</tag>
  </rule>
</grammar>
